date,site,total_visitors,domestic_visitors,indian_visitors,international_visitors,temperature_c,rainfall_mm,festival,season
2020-12,Janakpur Dham,6051,3830,1784,437,14.2,3,0,winter
2019-08,Janakpur Dham,13139,8195,3526,1418,30.9,275,0,monsoon
2018-04,Lumbini,144304,82731,38665,22908,27.2,24,0,pre-monsoon
2013-06,Pashupatinath,28202,20387,5292,2523,24.3,222,0,monsoon
2010-08,Janakpur Dham,5324,3375,1534,415,31.0,326,0,monsoon
2011-12,Janakpur Dham,26165,17240,7082,1843,13.5,4,1,winter
2015-10,Lumbini,65690,40056,18983,6651,26.0,35,0,post-monsoon
2011-02,Muktinath,1743,594,757,392,-3.0,11,0,winter
2012-01,Pashupatinath,43621,30386,7377,5858,10.6,17,0,winter
2022-02,Janakpur Dham,10796,6917,2819,1060,18.9,11,0,winter
2017-09,Lumbini,94027,56616,25652,11759,27.1,258,0,post-monsoon
2019-04,Pashupatinath,107534,76729,19087,11718,21.4,52,0,pre-monsoon
2011-08,Muktinath,1116,370,491,255,13.5,47,1,monsoon
2025-10,Pashupatinath,128544,90587,22568,15389,18.9,52,0,post-monsoon
2019-11,Lumbini,203149,116660,54266,32223,20.7,5,1,post-monsoon
2013-01,Muktinath,1610,583,745,282,-5.2,7,0,winter
2017-05,Muktinath,9818,3368,4237,2213,9.6,29,0,pre-monsoon
2018-09,Muktinath,8448,3200,3770,1478,13.0,39,0,post-monsoon
2020-08,Janakpur Dham,1646,1076,440,130,,284,0,monsoon
2019-01,Janakpur Dham,19764,12289,5848,1627,14.4,14,0,winter
2013-07,Pashupatinath,,,,,24.7,392,0,monsoon
2021-10,Muktinath,1932,632,862,438,7.0,14,0,post-monsoon
2021-05,Muktinath,1964,684,913,367,10.1,32,0,pre-monsoon
2018-05,Muktinath,9202,3381,4002,1819,11.9,27,0,pre-monsoon
2021-02,Janakpur Dham,5284,3421,1448,415,16.3,10,0,winter
2018-11,Janakpur Dham,42900,28870,12284,1746,19.6,6,1,post-monsoon
2017-02,Janakpur Dham,14940,9292,4409,1239,16.7,10,0,winter
2020-07,Janakpur Dham,1864,1181,525,158,30.1,373,0,monsoon
2024-07,Pashupatinath,33999,24790,5763,3446,22.8,332,0,monsoon
2012-08,Janakpur Dham,5941,3838,1716,387,28.5,331,0,monsoon
2018-03,Lumbini,181102,99668,47626,33808,22.1,14,0,pre-monsoon
09-2019,Pashupatinath,67297,49022,11257,7018,22.0,290,0,post-monsoon
2010-06,Pashupatinath,22384,16135,4111,2138,22.4,261,0,monsoon
2014-02,Janakpur Dham,13358,8364,3682,1312,17.7,10,0,winter
2014-11,Pashupatinath,92596,68169,15614,8813,15.2,7,0,post-monsoon
2015-11,Lumbini,91904,50716,23923,17265,19.9,6,1,post-monsoon
2010-03,Lumbini,85688,49363,22266,14059,23.5,17,0,pre-monsoon
2014-12,Muktinath,2274,797,987,490,-3.3,5,0,winter
2011-05,Janakpur Dham,9688,6396,2763,529,30.6,68,0,pre-monsoon
2016-04,Janakpur Dham,19908,12575,5885,1448,29.7,23,0,pre-monsoon
2021-02,Muktinath,649,221,303,125,-2.0,12,0,winter
2025-07,Janakpur Dham,13012,8468,3543,1001,30.7,326,0,monsoon
2020-09,Janakpur Dham,2330,1560,632,138,30.3,238,0,post-monsoon
2023-02,Pashupatinath,164321,120354,27293,16674,12.7,21,1,winter
2020-04,Muktinath,1092,358,503,231,6.8,25,0,pre-monsoon
2017-01,Muktinath,2617,861,1127,629,-3.6,8,0,winter
2016-07,Lumbini,,,,,31.4,343,0,monsoon
2024-10,Pashupatinath,111342,77003,18622,15717,19.7,53,0,post-monsoon
2014-10,Muktinath,6961,2409,3208,1344,7.3,17,0,post-monsoon
2023-12,Pashupatinath,80754,56045,15343,9366,10.3,6,0,winter
2013-06,Janakpur Dham,9255,5773,2711,771,31.4,196,0,monsoon
2025-01,Lumbini,122562,70114,32243,20205,13.4,9,0,winter
2025-11,Muktinath,12847,4240,5925,2682,1.8,6,0,post-monsoon
2019-07,Lumbini,55128,32528,13992,8608,30.4,373,0,monsoon
2021-10,Lumbini,29830,16595,8222,5013,24.6,42,0,post-monsoon
2017-04,Muktinath,11365,3732,5107,2526,6.1,25,0,pre-monsoon
2016-08,Janakpur Dham,9890,6432,2645,813,28.7,345,0,monsoon
2010-05,Janakpur Dham,9066,6016,2560,490,32.8,70,0,pre-monsoon
2012-12,Lumbini,106191,63959,26671,15561,16.5,3,0,winter
2024-11,Muktinath,10853,3981,4873,1999,1.5,4,0,post-monsoon
2015-06,Janakpur Dham,5342,3370,1571,401,33.1,197,0,monsoon
2015-05,Lumbini,53016,30238,14981,7797,29.2,93,1,pre-monsoon
2023-06,Muktinath,3881,1287,1816,778,15.5,43,0,monsoon
2016-05,Pashupatinath,48152,35393,9258,3501,24.0,106,0,pre-monsoon
2016-03,Lumbini,149639,87619,42870,19150,21.6,16,0,pre-monsoon
2024-10,Janakpur Dham,20591,13796,6024,771,26.3,43,0,post-monsoon
2024-01,Pashupatinath,68469,48026,11055,9388,10.7,15,0,winter
2014-09,Lumbini,62251,35704,16757,9790,28.8,202,0,post-monsoon
2017-05,Pashupatinath,56600,39337,10815,6448,22.7,107,0,pre-monsoon
2012-05,Lumbini,77289,46506,21824,8959,31.0,82,1,pre-monsoon
2023-05,Pashupatinath,60169,43389,11050,5730,22.2,90,0,pre-monsoon
2025-05,Pashupatinath,59736,44494,9839,5403,22.7,100,0,pre-monsoon
2017-07,Muktinath,2234,730,1046,458,14.4,64,0,monsoon
2021-05,Pashupatinath,21530,15168,3543,2819,22.8,101,0,pre-monsoon
2016-09,Muktinath,5511,1864,2543,1104,11.8,39,0,post-monsoon
2023-01,Janakpur Dham,14500,9780,3952,768,14.6,11,0,winter
2021-08,Muktinath,562,192,242,128,13.3,50,1,monsoon
2023-04,Muktinath,9960,3286,4460,2214,6.6,20,0,pre-monsoon
2013-06,Lumbini,42893,25413,10838,6642,31.2,,0,monsoon
2016-03,Muktinath,7731,2784,3534,1413,2.6,21,0,pre-monsoon
2025-08,Lumbini,999999,31770,15097,6757,29.6,342,0,monsoon
November 2024,Pashupatinath,141099,104278,24505,12316,14.1,8,0,post-monsoon
2012-10,Janakpur Dham,10532,7084,3049,399,24.5,40,0,post-monsoon
2021-12,Lumbini,33865,18743,9407,5715,17.0,3,0,winter
2012-07,Lumbini,32400,17977,8385,6038,30.5,316,0,monsoon
2023-02,Lumbini,110946,61463,30037,19446,16.0,13,0,winter
2019-05,Muktinath,10385,3792,4784,1809,11.5,33,0,pre-monsoon
2013-11,Muktinath,5145,1659,2364,1122,2.8,5,0,post-monsoon
2022-12,Muktinath,2313,863,1060,390,-4.3,4,0,winter
2012/05,Pashupatinath,38004,26872,6136,4996,22.8,110,0,pre-monsoon
2019-11,Muktinath,11249,4226,5019,2004,2.7,5,0,post-monsoon
2019-10,Janakpur Dham,21626,14139,6318,1169,24.9,46,0,Monsoon
2017-11,Lumbini,204256,120402,59229,24625,18.6,6,1,post-monsoon
2024-06,Muktinath,4336,1534,1926,876,14.5,36,0,monsoon
2022-04,Pashupatinath,72207,52527,11890,7790,21.5,58,0,pre-monsoon
2022-02,Muktinath,2501,818,1101,582,-3.4,11,0,winter
2014-09,Muktinath,5238,1952,2372,914,12.1,34,0,post-monsoon
2011-08,Janakpur Dham,5312,3422,1537,353,30.6,310,0,monsoon
2016-06,Lumbini,57121,34400,15297,7424,31.0,208,0,monsoon
2021-06,Janakpur Dham,4664,2939,1218,507,31.1,187,0,monsoon
July 2016,Pashupatinath,29316,21548,5575,2193,22.8,430,0,monsoon
2013-09,Lumbini,60393,34986,16959,8448,29.0,215,0,post-monsoon
2015-01,Muktinath,805,303,365,137,-3.3,8,0,winter
2020-03,Muktinath,765,277,354,134,3.9,20,0,pre-monsoon
2013-10,Pashupatinath,82336,60738,14829,6769,19.7,55,0,post-monsoon
2021/11,Janakpur Dham,10498,7013,2894,591,21.3,4,0,post-monsoon
2023-09,Pashupatinath,55241,39504,10860,4877,22.1,258,0,post-monsoon
2016-11,Janakpur Dham,29848,19749,8021,2078,20.8,5,1,post-monsoon
2021-03,Janakpur Dham,8728,5432,2371,925,22.1,11,0,pre-monsoon
2010-06,Muktinath,,,,,15.4,33,0,monsoon
2019-10,Lumbini,157629,90393,43155,24081,25.5,48,0,post-monsoon
2021-07,Janakpur Dham,3612,2372,1070,170,30.5,350,0,monsoon
2012-08,Muktinath,1470,485,683,302,14.3,43,1,monsoon
2020-02,Janakpur Dham,3133,2001,882,250,18.5,12,0,winter
2012-04,Janakpur Dham,15865,10483,4383,999,27.5,21,0,pre-monsoon
2018-06,Janakpur Dham,13368,8823,3923,622,31.0,162,0,monsoon
2023-03,Pashupatinath,116264,85359,22947,7958,17.8,29,0,pre-monsoon
2012-05,Janakpur Dham,9492,6141,2831,520,31.2,80,0,pre-monsoon
2019-10,Pashupatinath,135986,99277,22695,14014,18.6,45,0,post-monsoon
2018-05,Lumbini,104355,61173,28878,14304,30.9,79,1,pre-monsoon
2025-09,Muktinath,9878,3695,4566,1617,13.5,39,0,post-monsoon
2025-07,Lumbini,43286,25101,10954,7231,28.7,355,0,monsoon
2022-04,Muktinath,7098,2546,3328,1224,8.5,20,0,pre-monsoon
2024-03,Janakpur Dham,32712,20691,8615,3406,22.9,12,1,pre-monsoon
Jul-2024,Muktinath,2562,960,1112,490,15.0,49,0,monsoon
2018-07,Janakpur Dham,12015,7888,3460,667,31.5,392,0,monsoon
2019-07,Pashupatinath,41692,31219,7492,2981,23.5,390,0,monsoon
2016-09,Lumbini,84190,47496,21295,15399,27.5,222,0,post-monsoon
2013-02,Pashupatinath,116178,80811,22757,12610,13.7,21,1,winter
2018-05,Janakpur Dham,16531,10879,4694,958,30.5,76,0,pre-monsoon
2021-05,Janakpur Dham,5668,3717,1700,251,32.3,67,0,pre-monsoon
2020-06,Muktinath,324,103,145,76,12.6,36,0,monsoon
2019-05,Pashupatinath,73931,54488,13001,6442,22.9,126,0,pre-monsoon
2022-03,Pashupatinath,125486,88333,24593,12560,16.2,31,1,pre-monsoon
2011-02,Pashupatinath,94669,65745,18884,10040,13.3,18,1,winter
2015-04,Muktinath,3093,1026,1405,662,6.8,22,0,pre-monsoon
2012-10,Pashupatinath,65953,47845,12339,5769,18.0,55,0,post-monsoon
2024-08,Janakpur Dham,12315,7685,3407,1223,28.8,334,0,monsoon
2021-09,Janakpur Dham,4634,2880,1288,466,28.2,164,0,post-monsoon
2024-02,Lumbini,131170,74393,37073,19704,18.1,14,0,winter
2024-04,Muktinath,13145,4806,5847,2492,7.2,28,0,pre-monsoon
2025-07,Muktinath,"3,400",1133,1552,715,15.7,63,0,monsoon
2016-02,Lumbini,153836,89101,43833,20902,18.2,12,0,winter
2019-06,Lumbini,67725,38211,19045,10469,30.3,248,0,monsoon
2010-11,Janakpur Dham,20559,13128,5583,1848,21.6,5,1,post-monsoon
2010-12,Janakpur Dham,20845,13237,5940,1668,15.2,3,0,  winter  
2016-03,Pashupatinath,139545,103105,23900,12540,15.4,32,1,pre-monsoon
2015-05,Pashupatinath,31102,22601,5498,3003,21.7,104,0,pre-monsoon
2020-01,Janakpur Dham,2497,1656,706,135,14.5,13,0,winter
2015-11,Pashupatinath,54425,39466,10754,4205,15.0,8,0,post-monsoon
2013-02,Muktinath,1996,680,894,422,-1.3,13,0,winter
2014-03,Janakpur Dham,19290,12743,5661,886,24.1,13,1,pre-monsoon
2012-03,Janakpur Dham,15834,10516,4676,642,22.1,12,1,pre-monsoon
2020-07,Pashupatinath,6046,4248,1046,752,22.9,428,0,monsoon
2019-06,Pashupatinath,58309,40747,11490,6072,23.8,226,0,monsoon
2020-09,Lumbini,8670,5284,2488,898,28.6,250,0,post-monsoon
2018-06,Pashupatinath,42979,29723,7523,5733,24.7,,0,monsoon
2022-03,Janakpur Dham,20594,13523,5913,1158,22.5,14,1,pre-monsoon
2014-07,Muktinath,1485,563,689,233,15.1,45,0,monsoon
2022-06,Pashupatinath,36004,26546,5979,3479,23.2,225,0,monsoon
2019-06,Janakpur Dham,16834,10881,4564,1389,32.9,186,0,monsoon
2022-12,Lumbini,96253,54409,27300,14544,14.1,3,0,winter
2022-01,Lumbini,81883,45632,21464,14787,13.3,11,0,winter
2010-04,Muktinath,4641,1522,2010,1109,,25,0,pre-monsoon
2022-05,Janakpur Dham,12813,7951,3698,1164,32.1,73,0,pre-monsoon
2019-10,Muktinath,11763,4048,5197,2518,6.2,14,0,post-monsoon
2024-12,Lumbini,111686,66526,28079,17081,16.2,3,0,winter
2021-04,Muktinath,2479,855,1147,477,8.6,22,0,pre-monsoon
2020-05,Pashupatinath,12100,8720,2193,1187,21.3,108,0,pre-monsoon
2021-10,Pashupatinath,44366,30943,8395,5028,20.8,48,0,post-monsoon
2025-11,Lumbini,155383,92785,39581,23017,19.7,6,1,post-monsoon
2023-10,Muktinath,9634,3358,4419,1857,,16,0,Pre-Monsoon
2021-04,Pashupatinath,29080,21407,4870,2803,19.7,53,0,pre-monsoon
2011-04,Lumbini,77240,47106,20393,9741,28.8,24,0,pre-monsoon
2016-06,Muktinath,2662,853,1189,620,13.4,40,0,monsoon
2023-02,Janakpur Dham,14011,8842,3834,1335,17.3,11,0,winter
2012-08,Pashupatinath,26713,19599,4667,2447,24.2,358,0,monsoon
2018-10,Lumbini,155222,94005,39179,22038,26.8,38,0,post-monsoon
2020-04,Pashupatinath,15647,11498,2526,1623,19.5,60,0,pre-monsoon
2016-11,Muktinath,7128,2439,3236,1453,2.1,5,0,post-monsoon
2012-09,Pashupatinath,40254,27993,7785,4476,22.0,219,0,post-monsoon
2017-09,Muktinath,6609,2249,2984,1376,11.0,36,0,post-monsoon
2012-01,LUMBINI,79724,48483,22749,8492,15.8,12,0,winter
2017-04,Janakpur Dham,28256,19207,8279,770,30.0,18,1,pre-monsoon
2014-04,Janakpur Dham,18110,11891,4824,1395,29.5,17,0,pre-monsoon
2022-07,Pashupatinath,27856,19276,5091,3489,24.8,426,0,monsoon
November 2014,Lumbini,"136,927",83415,35012,18500,20.0,5,1,post-monsoon
2013-03,Janakpur Dham,14885,10051,4218,616,23.1,11,0,pre-monsoon
2014-11,Janakpur Dham,29352,18500,8218,2634,20.2,6,1,post-monsoon
2021-02,Pashupatinath,53002,39654,10315,3033,13.5,18,1,winter
2025-12,Janakpur Dham,60714,39911,16326,4477,14.4,3,1,winter
2022-11,Lumbini,140155,85118,39450,15587,19.4,5,1,post-monsoon
2013-02,Janakpur Dham,11484,7631,3324,529,17.6,8,0,winter
2021-12,Muktinath,731,263,323,145,-2.2,6,0,winter
2017-03,Lumbini,162326,94219,40851,27256,21.4,18,0,pre-monsoon
2016-12,Pashupatinath,67246,48394,10914,7938,11.3,5,0,winter
2019-05,Lumbini,107585,63115,28665,15805,31.5,93,1,pre-monsoon
2018-08,Muktinath,2653,910,1195,548,14.5,52,1,monsoon
2023-06,Lumbini,41477,23057,11464,6956,31.8,199,0,monsoon
2010-08,Pashupatinath,22991,15998,4307,2686,23.6,289,0,monsoon
2018-11,Lumbini,194228,109817,50770,33641,19.4,6,1,post-monsoon
2011-08,Lumbini,40254,23172,10682,6400,30.0,311,0,monsoon
2024-03,Lumbini,151101,85392,42338,23371,22.4,17,0,pre-monsoon
2023-07,Muktinath,2339,828,1030,481,14.8,57,0,monsoon
2013-01,Pashupatinath,53571,37793,9985,5793,11.8,15,0,winter
2021-09,Lumbini,"17,867",10862,4775,2230,27.9,221,0,post-monsoon
2025-01,Janakpur Dham,16277,10501,4341,1435,15.1,12,0,winter
2023-11,Janakpur Dham,9999999,20985,9388,990,19.8,6,0,post-monsoon
2010-09,Janakpur Dham,8415,5243,2357,815,29.7,229,0,post-monsoon
2012-02,Lumbini Garden,89682,51457,25140,13085,17.6,10,0,winter
2020-10,Lumbini,16297,9573,4132,2592,26.3,34,0,post-monsoon
2021-07,Muktinath,417,149,185,83,15.6,48,0,monsoon
2020-12,Muktinath,357,128,167,62,-2.2,6,0,winter
2024-02,Janakpur Dham,20193,13513,5635,1045,17.1,9,0,winter
2013-12,Janakpur Dham,28770,19267,8388,1115,14.4,3,1,winter
2016-01,Janakpur Dham,12564,7793,3670,1101,14.8,12,0,winter
2017-09,Lumbini,94027,56616,25652,11759,27.1,258,0,post-monsoon
2010-11,Lumbini,104907,62916,26382,15609,20.3,4,1,post-monsoon
2025-09,Lumbini,64323,36644,17197,10482,27.3,195,0,post-monsoon
2012-01,Muktinath,1656,625,725,306,-3.9,7,0,winter
2015-07,Janakpur Dham,4045,2602,1181,262,31.7,308,0,monsoon
2019-07,Muktinath,2563,882,1108,573,14.5,46,0,monsoon
2014-03,Muktinath,5261,1759,2264,1238,2.9,18,0,pre-monsoon
2014-12,Pashupatinath,58710,42381,10663,5666,11.6,5,0,winter
2023-07,Pashupatinath,31862,23743,5539,2580,23.5,405,0,  monsoon  
2011-06,Muktinath,1841,663,825,353,13.7,42,0,monsoon
2024-04,Lumbini,-500,66462,30774,14168,27.0,25,0,pre-monsoon
2011-08,Pashupatinath,25858,17881,4248,3729,22.4,359,0,monsoon
2021-07,Pashupatinath,11799,8236,1917,1646,25.5,344,0,monsoon
2018-09,Pashupatinath,73456,54267,14690,4499,24.0,256,0,post-monsoon
2019-09,Muktinath,7850,2747,3624,1479,12.6,29,0,post-monsoon
2025-05,Lumbini,85970,50596,21715,13659,30.7,82,1,pre-monsoon
2013-06,Muktinath,2068,741,946,381,14.0,37,0,monsoon
2010-05,Muktinath,"3,729",1356,1717,656,10.0,31,0,pre-monsoon
2025-03,Muktinath,12687,4175,5899,2613,3.1,18,0,  pre-monsoon  
2019-05,Janakpur Dham,18247,11496,4851,1900,32.9,-5,0,pre-monsoon
2013-08,Pashupatinath,33274,24271,6080,2923,22.6,322,0,monsoon
2011-07,Janakpur Dham,6530,4075,1833,622,29.5,416,0,monsoon
2012-11,Pashupatinath,74584,54350,12453,7781,15.4,8,0,  post-monsoon  
2013-02,Lumbini,108301,59607,28318,20376,17.4,14,0,winter
2012-04,Pashupatinath,55151,41269,10947,2935,19.5,55,0,pre-monsoon
2021-01,Pashupatinath,26900,18690,4868,3342,10.5,18,0,winter
2013-05,Pashupatinath,44080,30439,7231,6410,23.0,88,0,pre-monsoon
2015-07,Pashupatinath,19040,13941,3407,1692,22.8,369,0,monsoon
2013-09,Pashupatinath,40560,28580,8068,3912,22.2,289,0,post-monsoon
2010-07,Lumbini,27339,15445,7369,4525,29.2,454,0,monsoon
2018-10,Pashupatinath,133536,99709,25904,7923,18.7,54,0,post-monsoon
2010-08,Muktinath,966,353,432,181,15.3,41,1,monsoon
2022-11,Janakpur Dham,27320,18278,7930,1112,19.2,4,1,post-monsoon
2014-11,Muktinath,5746,2048,2615,1083,1.8,5,0,post-monsoon
2022-05,Lumbini,75214,44839,18836,11539,30.2,79,1,pre-monsoon
2018-02,Muktinath,4237,1514,1918,805,-1.6,11,0,winter
2014-07,Janakpur Dham,6773,4266,2002,505,29.7,330,0,monsoon
2020-11,Muktinath,793,283,363,147,0.0,4,0,post-monsoon
2021-08,Janakpur Dham,3214,1999,906,309,29.8,363,0,monsoon
2020-10,Pashupatinath,19461,13852,3616,1993,19.7,52,0,post-monsoon
2010-07,Pashupatinath,17772,12332,3518,1922,25.4,416,0,monsoon
2017-11,Muktinath,7684,2548,3321,1815,1.0,5,0,post-monsoon
Apr-2025,Pashupatinath,104247,78087,18871,7289,19.2,50,0,pre-monsoon
2025-01,Pashupatinath,76009,53789,15045,7175,11.6,13,0,winter
2023-08,Muktinath,2281,864,998,419,15.4,58,1,monsoon
2016-12,Lumbini,145057,87128,40938,16991,15.8,3,0,winter
2017-06,Pashupatinath,45730,31858,8217,5655,22.3,247,0,monsoon
2012-05,Muktinath,4613,1532,2017,1064,12.2,32,0,pre-monsoon
2020-11,Pashupatinath,24686,17930,4184,2572,13.6,7,0,post-monsoon
2011-06,Lumbini,35355,21009,9176,5170,29.8,207,0,monsoon
2018/09,Janakpur Dham,,,,,29.2,207,0,post-monsoon
2019-03,Muktinath,11636,3729,5467,2440,3.5,23,0,pre-monsoon
2012-10,Lumbini,104242,61451,29607,13184,26.6,43,0,post-monsoon
2022-12,Janakpur Dham,24155,15937,6677,1541,14.7,3,0,winter
2025-04,Janakpur Dham,37520,24458,10771,2291,28.8,22,1,pre-monsoon
2025-12,Lumbini,117102,68424,32028,16650,14.6,3,0,winter
2018-12,Pashupatinath,99226,70598,16326,12302,11.7,5,0,winter
2021-12,Janakpur Dham,16222,10716,4584,922,16.3,3,1,winter
2021-01,Muktinath,610,206,264,140,-3.2,8,0,winter
2011-10,Lumbini,95717,55328,26277,14112,24.5,48,0,post-monsoon
2020-02,Lumbini,15528,8751,4102,2675,15.7,12,0,winter
2022-01,Janakpur Dham,9039,5614,2649,776,14.1,13,0,winter
2010-03,Janakpur Dham,15966,10597,4701,668,22.3,13,1,pre-monsoon
2010-06,Janakpur Dham,6300,3967,1836,497,32.7,191,0,monsoon
2019-12,Lumbini,188330,105032,47866,35432,16.2,3,0,winter
2011-02,Lumbini,89099,53740,24469,10890,16.2,10,0,winter
2020-02,Pashupatinath,27814,19293,4758,3763,13.4,22,0,winter
2025-10,Muktinath,14899,5295,6800,2804,5.7,15,0,post-monsoon
2013-11,Pashupatinath,79677,58430,13643,7604,13.4,8,0,post-monsoon
2012-09,Muktinath,3429,1212,1546,671,12.7,40,0,post-monsoon
2011-11,Muktinath,3614,1170,1621,823,2.7,5,0,post-monsoon
2020-05,Muktinath,837,274,380,183,9.7,33,0,pre-monsoon
2011-01,Pashupatinath,39794,29436,6934,3424,10.1,15,0,winter
2017-03,Muktinath,8362,2858,3668,1836,,20,0,pre-monsoon
2024-07,Janakpur Dham,11452,7211,3278,963,31.9,359,0,monsoon
2017-01,Lumbini,"133,549",74348,34828,24373,13.2,10,0,winter
2016-08,Pashupatinath,"37,327",27606,6450,3271,25.0,325,0,monsoon
2010-06,Lumbini,34353,20403,9696,4254,31.5,237,0,monsoon
2024-03,Muktinath,10054,3391,4483,2180,4.3,24,0,pre-monsoon
2018-08,Janakpur Dham,12506,8155,3495,856,29.7,276,0,monsoon
2019-02,Pashupatinath,218601,152592,35227,30782,13.3,21,1,winter
2011-09,Lumbini,55898,33381,14174,8343,28.3,253,0,post-monsoon
2023-10,Janakpur Dham,17158,10744,4579,1835,26.2,41,0,post-monsoon
2021-08,Pashupatinath,16492,11631,3088,1773,24.6,353,0,monsoon
2011-07,Muktinath,1030,333,464,233,15.9,54,0,monsoon
2017-05,Janakpur Dham,16147,10076,4259,1812,33.0,65,0,pre-monsoon
2011-05,Pashupatinath,35346,24523,6095,4728,22.0,120,0,pre-monsoon
2010-02,Lumbini,80596,44843,20391,15362,17.7,12,0,winter
2023-09,Muktinath,7734,2920,3486,1328,13.4,39,0,post-monsoon
2025-02,Janakpur Dham,19553,12712,5655,1186,18.9,9,0,winter
2012-02,Pashupatinath,99126,68438,17885,12803,12.3,18,0,winter
2013-10,Janakpur Dham,13062,8789,3821,452,26.6,38,0,post-monsoon
2025-03,Lumbini,142595,83501,37881,21213,22.2,16,0,pre-monsoon
2025-07,Pashupatinath,35232,26212,6868,2152,24.3,385,0,monsoon
2011-12,Pashupatinath,48672,36190,8837,3645,12.1,6,0,winter
2023-08,Lumbini,46343,26550,11967,7826,28.4,366,0,monsoon
2013-08,Lumbini,47743,26631,13383,7729,28.1,283,0,monsoon
2024-08,Lumbini,,,,,30.3,302,0,monsoon
2020-08,Pashupatinath,8072,5898,1546,628,23.8,284,0,monsoon
2018-03,Pashupatinath,201296,147326,36523,17447,15.9,34,1,pre-monsoon
2024-08,Muktinath,2837,937,1318,582,13.8,59,1,monsoon
2010-04,Pashupatinath,45978,33172,8150,4656,19.6,57,0,pre-monsoon
2012-04,Lumbini,82639,45905,23560,13174,27.3,21,0,pre-monsoon
2016-03,Pashupatinath,139545,103105,23900,12540,15.4,32,1,pre-monsoon
2011-06,Pashupatinath,27184,20204,4862,2118,22.7,271,0,monsoon
2010-02,Pashupatinath,70819,49111,13784,7924,12.8,22,0,winter
2025-04,Muktinath,16017,5161,6969,3887,8.3,20,0,pre-monsoon
2014-07,Pashupatinath,26325,19425,4896,2004,24.6,414,0,monsoon
2013-09,Janakpur Dham,9212,5799,2454,959,,175,0,post-monsoon
2017-06,Muktinath,"3,120",1002,1435,683,13.9,37,0,monsoon
2024-06,Lumbini,56833,31986,15358,9489,32.0,240,0,monsoon
2013-04,Lumbini,81592,48601,22164,10827,29.4,23,0,pre-monsoon
2017-02,Muktinath,3268,1059,1458,751,-2.6,13,0,winter
2010-07,Janakpur Dham,4789,3210,1247,332,31.1,416,0,monsoon
2016-01,Lumbini,149441,82552,42543,24346,14.7,10,0,winter
2022-07,Lumbini,30345,16711,7879,5755,31.4,426,0,monsoon
2024-05,Pashupatinath,59153,43356,11023,4774,21.1,98,0,pre-monsoon
2014-02,Pashupatinath,114181,80802,20027,13352,13.6,19,0,winter
2025-01,Muktinath,3657,1185,1710,762,-4.0,8,0,winter
2024-12,Pashupatinath,94101,66443,17405,10253,10.9,5,0,winter
2020-11, Lumbini,23264,13784,5849,3631,19.4,5,1,post-monsoon
2019-12,Janakpur Dham,48858,31190,14310,3358,13.7,3,1,winter
2019-12,Pashupatinath,104272,73238,18202,12832,11.2,5,0,winter
2018-02,Pashupatinath,142830,102526,24871,15433,12.8,17,0,winter
2020-05,Lumbini,12868,7508,3593,1767,30.4,66,1,pre-monsoon
2010-09,Muktinath,2903,934,1255,714,13.2,30,0,post-monsoon
2016-05,Janakpur Dham,15309,10040,4380,889,32.7,72,0,pre-monsoon
2024-09,Janakpur Dham,18121,11954,4767,1400,28.6,204,0,post-monsoon
2015-09,Pashupatinath,31697,21957,5546,4194,22.9,250,0,post-monsoon
2014-05,Janakpur Dham,12822,8126,3394,1302,30.5,56,0,pre-monsoon
2022-01,Pashupatinath,54718,39472,9540,5706,11.9,14,0,winter
2017-08,Muktinath,2575,976,1136,463,15.9,48,1,monsoon
2020-12, Lumbini,15671,8701,4505,2465,15.7,3,0,winter
2020-06,Lumbini,6857,4165,1762,930,31.6,194,0,monsoon
2013-11,Lumbini,152912,86127,38731,28054,20.5,,1,post-monsoon
2025-02,Lumbini,131350,80094,34772,16484,16.8,13,0,winter
2010-01,Pashupatinath,37434,27964,7085,2385,11.1,13,0,winter
2010-06,Muktinath,,,,,15.4,33,0,monsoon
2016-04,Muktinath,8224,2945,3836,1443,7.8,29,0,pre-monsoon
2017-11,Janakpur Dham,,,,,21.3,5,0,post-monsoon
2018-01,Pashupatinath,85537,63589,15244,6704,11.2,14,0,winter
2023-08,Pashupatinath,39021,27450,6949,4622,22.7,296,0,monsoon
2012-03,MUKTINATH,5124,1803,2235,1086,3.6,22,0,pre-monsoon
2013-03,Pashupatinath,88546,62952,16738,8856,17.7,35,0,pre-monsoon
2022-07,Janakpur Dham,6793,4351,1992,450,31.8,306,0,monsoon
2019-03,Pashupatinath,-500,116399,27403,21826,15.0,28,0,pre-monsoon
2015-01,Lumbini,58043,33144,14587,10312,13.2,10,0,winter
2022-09,Lumbini,61712,34304,16633,10775,27.5,205,0,post-monsoon
2015-05,Muktinath,2534,811,1090,633,10.2,24,0,pre-monsoon
2010-12,Lumbini,68784,38148,19111,11525,15.0,3,0,winter
2021-03,Pashupatinath,42415,30967,8363,3085,16.7,31,0,pre-monsoon
2017-09,Janakpur Dham,12256,8160,3492,604,29.8,163,0,post-monsoon
01/08/2012,Lumbini,43957,25482,11834,6641,29.8,395,0,monsoon
2012-06,Janakpur Dham,7001,4623,2093,285,30.8,161,0,monsoon
2014-08,Muktinath,1901,621,824,456,15.7,53,1,monsoon
2016-02,Janakpur Dham,12914,8600,3659,655,18.3,11,0,winter
2020-01,Muktinath,262,94,113,55,-2.8,8,0,winter
2024-03,Pashupatinath,"162,644",113739,27206,21699,17.6,35,1,pre-monsoon
2017-08,Lumbini,68334,41020,19665,7649,30.0,350,0,monsoon
2017-07,Janakpur Dham,8816,5683,2338,795,29.1,330,0,monsoon
2023-01,Muktinath,2465,882,1104,479,-5.1,9,0,winter
2017-02,Pashupatinath,159069,110560,29911,18598,11.2,23,1,winter
2025-06,Janakpur Dham,15417,9909,4572,936,31.3,228,0,monsoon
2024-11,Janakpur Dham,38382,24614,10613,3155,21.0,5,1,post-monsoon
2022-04,Lumbini,88986,51343,22939,14704,27.6,24,0,pre-monsoon
2022-07,Muktinath,1481,516,640,325,16.4,65,0,monsoon
2017-08,Pashupatinath,42500,31778,7437,3285,23.2,390,0,monsoon
2016-10,Lumbini,140236,84104,37476,18656,24.7,42,0,rainy
01/01/2014,Muktinath,1717,648,788,281,-4.6,9,0,winter
2020-09,Pashupatinath,"11,151",8086,2116,949,22.3,213,0,post-monsoon
2019-03,Janakpur Dham,30913,20681,9091,1141,24.3,10,0,pre-monsoon
2025-12,Muktinath,4537,1524,2060,953,-3.6,5,0,winter
2010-05,PASHUPATINATH,30849,21826,5387,3636,22.4,123,0,pre-monsoon
2016-07,Muktinath,1779,573,773,433,15.2,52,0,monsoon
2021-03,Lumbini,29773,17835,7896,4042,23.6,17,0,pre-monsoon
2016-10,Janakpur Dham,16964,10786,5047,1131,26.4,,0,post-monsoon
2018-10,Muktinath,11856,4474,5193,2189,5.8,17,0,post-monsoon
2022-02,Lumbini,87451,50771,25349,11331,17.9,13,0,winter
2025-02,Muktinath,5477,2027,2427,1023,,13,0,winter
2015-05,Janakpur Dham,7763,5205,2169,389,31.0,78,0,pre-monsoon
2015-03,Janakpur Dham,10606,6619,2958,1029,23.2,13,0,pre-monsoon
2025-06,Lumbini,50922,29850,14108,6964,31.9,200,0,monsoon
06-2017,Lumbini,62304,36901,16079,9324,31.5,261,0,monsoon
2015-02,Pashupatinath,80061,55363,15892,8806,13.5,22,1,winter
01-2013,Lumbini,95177,56593,24406,14178,15.5,11,0,winter
2017-07,Lumbini,47159,27840,12626,6693,31.1,331,0,monsoon
2015-03,Pashupatinath,64351,45071,10698,8582,15.8,31,0,pre-monsoon
2022-06,Lumbini,36017,20370,10099,5548,29.9,223,0,monsoon
2013-03,Lumbini,120822,68335,33269,19218,22.6,17,0,pre-monsoon
2025-10,Janakpur Dham,26034,16766,7584,1684,25.3,54,0,post-monsoon
2010-10,Janakpur Dham,8980,5998,2533,449,25.7,38,0,post-monsoon
2017-03,Janakpur Dham,19389,12796,5291,1302,24.2,14,0,pre-monsoon
2013-08,Janakpur Dham,7697,4820,2236,641,29.7,340,0,monsoon
2013-07,Muktinath,1220,392,539,289,15.5,65,0,monsoon
2024-05,Muktinath,13194,4974,5978,2242,10.6,33,0,pre-monsoon
2015-08,Pashupatinath,21790,15261,3864,2665,,356,0,monsoon
2018-02,Janakpur Dham,18664,12472,5386,806,17.8,8,0,winter
2022-10,Lumbini,103283,59755,27373,16155,25.2,39,0,post-monsoon
2013-04,Muktinath,7215,2363,3297,1555,7.0,27,0,pre-monsoon
2023-03,Janakpur Dham,18912,12559,5319,1034,22.4,12,0,pre-monsoon
2012-11,Janakpur Dham,20742,13168,5444,2130,20.4,5,1,post-monsoon
2020-10,Muktinath,989,373,428,188,7.6,15,0,post-monsoon
2020-04,Janakpur Dham,4306,2886,1181,239,30.1,19,0,pre-monsoon
2019-11,Pashupatinath,135659,95872,22665,17122,13.6,7,0,post-monsoon
2011-11,Lumbini,888888,64240,29919,14912,20.0,4,1,post-monsoon
2018-09,Lumbini,85330,47933,21358,16039,28.9,,0,post-monsoon
2017-10,Muktinath,10296,3765,4770,1761,6.8,14,0,post-monsoon
2016-10,Pashupatinath,107412,77809,19900,9703,19.3,50,0,post-monsoon
2025-05,Muktinath,12987,4562,5612,2813,12.4,27,0,pre-monsoon
2013-12,Lumbini,102225,62055,26173,13997,15.3,4,0,winter
2023-12,Janakpur Dham,"39,679",24720,10400,4559,15.6,3,1,winter
2025-06,Muktinath,4857,1642,2133,1082,12.5,44,0,monsoon
2011-03,Muktinath,3833,1422,1734,677,3.1,17,0,pre-monsoon
2018-01,Muktinath,3065,1095,1377,593,-4.3,10,0,winter
2017-10,Lumbini,163887,96790,42385,24712,26.0,38,0,post-monsoon
2024-10,Lumbini,114543,65757,32301,16485,24.6,41,0,post-monsoon
2013-10,Lumbini,102234,62345,27301,12588,25.4,35,0,post-monsoon
2020-03,Lumbini,15744,9415,4083,2246,22.6,17,0,pre-monsoon
2025-03,Janakpur Dham,31402,21229,9315,858,23.4,13,0,pre-monsoon
2011-09,Muktinath,3607,1266,1580,761,13.1,40,0,post-monsoon
2014-08,Pashupatinath,35973,25550,6296,4127,22.6,351,0,monsoon
2020-01,Lumbini,14059,7799,3562,2698,15.7,9,0,winter
2015-11,Janakpur Dham,13028,8368,3423,1237,20.1,5,0,post-monsoon
2016-11,Lumbini Garden,193619,108437,48688,36494,20.7,5,1,post-monsoon
2025-12,Pashupatinath,106607,78244,17973,10390,9.8,5,0,winter
2012-01,Janakpur Dham,8300,5482,2392,426,14.3,11,0,winter
2021-06,Muktinath,746,251,324,171,14.5,44,0,monsoon
2018-08,Lumbini,70703,42131,19974,8598,30.2,414,0,monsoon
2018-04,Muktinath,13811,5173,6337,2301,7.6,29,0,pre-monsoon
2022-08,Pashupatinath,31648,23396,5203,3049,24.8,289,0,monsoon
2023-09,Lumbini,67148,39525,18211,9412,27.1,261,0,post-monsoon
2014-12,Janakpur Dham,28437,18539,7524,2374,15.3,3,0,winter
2018-05,Pashupatinath,71202,51749,12583,6870,23.8,126,0,pre-monsoon
2025-02,Pashupatinath,201434,149801,38674,12959,12.3,16,1,winter
2016-09,Janakpur Dham,12257,8203,3510,544,,182,0,post-monsoon
2016-05,Lumbini,92245,56111,23729,12405,31.6,80,1,pre-monsoon
2021-02,Lumbini,30248,18437,8592,3219,16.1,14,0,winter
2010-12,Pashupatinath,43480,30512,7035,5933,10.7,5,0,winter
2012-12,Pashupatinath,62993,43984,10938,8071,10.0,6,0,winter
2010-02,Muktinath,1462,494,683,285,-2.7,12,0,winter
2017-10,Janakpur Dham,19281,12670,5447,1164,26.4,-12,0,post-monsoon
2021-03,Muktinath,1729,574,768,387,2.6,16,0,pre-monsoon
2010-10,Pashupatinath,59885,43189,10891,5805,18.6,65,0,post-monsoon
2016-06,Pashupatinath,36135,26616,6274,3245,25.1,286,0,monsoon
2022-06,Janakpur Dham,9665,6173,2644,848,30.7,195,0,monsoon
2015-03,Lumbini,70050,38966,19295,11789,23.1,12,0,pre-monsoon
2011-12,Lumbini,79772,44929,20537,14306,16.3,3,0,winter
2015-03,Muktinath,2076,681,915,480,4.4,19,0,pre-monsoon
2010-12,Muktinath,1427,478,655,294,-1.6,5,0,winter
2014-09,Pashupatinath,40923,29380,7435,4108,21.9,259,0,post-monsoon
2021-11,Lumbini,39586,21918,11132,6536,19.9,4,1,post-monsoon
2016-04,Pashupatinath,76868,57085,14559,5224,21.1,50,0,pre-monsoon
2017-04,Lumbini,145212,79909,41831,23472,28.4,29,0,pre-monsoon
2018-06,Muktinath,4234,1594,1845,795,13.9,48,0,monsoon
2010-03,Pashupatinath,79858,59090,13455,7313,15.5,26,1,pre-monsoon
2021-11,Muktinath,1760,626,757,377,1.4,6,0,post-monsoon
2010-11,Muktinath,3632,1372,1643,617,2.8,4,0,  post-monsoon  
2015-11,Muktinath,2511,947,1162,402,0.0,5,0,post-monsoon
2025-09,Pashupatinath,67850,47007,11307,9536,23.2,208,0,post-monsoon
2011-02,Janakpur Dham,8891,5676,2437,778,17.9,9,0,winter
2019-08,Lumbini,71653,40131,20025,11497,30.6,310,0,monsoon
2021-09,Pashupatinath,21344,15254,3712,2378,23.8,283,0,post-monsoon
2012-03,Pashupatinath,92005,68688,15910,7407,16.6,32,1,pre-monsoon
2023-01,Pashupatinath,64847,44814,12637,7396,12.1,15,0,winter
2020-02,Muktinath,335,118,152,65,-3.3,13,0,winter
2015-01,Pashupatinath,39094,28185,6760,4149,11.7,14,0,winter
2011-09,Janakpur Dham,7896,5083,2136,677,28.1,199,0,post-monsoon
2024-11,Lumbini,175652,98590,46409,30653,,5,1,post-monsoon
2021-05,Lumbini,19846,11327,5735,2784,30.9,90,1,pre-monsoon
2015-12,Lumbini,74101,44057,19786,10258,15.0,3,0,winter
2025-02,Lumbini,131350,80094,34772,16484,16.8,-12,0,winter
2012-07,Muktinath,1249,437,585,227,14.8,66,0,monsoon
2011-10,Muktinath Temple,5550,1855,2486,1209,8.5,17,0,post-monsoon
2025-06,Pashupatinath,48872,35631,9441,3800,22.9,201,0,monsoon
2014-08,Janakpur Dham,6932,4390,1946,596,30.3,287,0,monsoon
2016-02,Muktinath,2855,1042,1235,578,-3.3,11,0,winter
2020-06,Pashupatinath,"7,956",5605,1358,993,23.4,202,0,monsoon
2018-08,Pashupatinath,52163,37459,9211,5493,23.1,280,0,monsoon
2022-09,Janakpur Dham,10320,6491,3082,747,28.8,200,0,post-monsoon
2011-04,Pashupatinath,47251,33619,7779,5853,21.3,,0,pre-monsoon
2018-11,Pashupatinath,123064,91958,22674,8432,14.0,9,0,post-monsoon
2017-03,Pashupatinath,131187,91159,21435,18593,18.0,28,0,pre-monsoon
2022-06,Muktinath,2219,718,974,527,13.2,40,0,monsoon
2020-12,Pashupatinath,14826,10372,2482,1972,10.6,4,0,winter
2018-12,Janakpur Dham,44297,27986,12823,3488,14.4,3,0,winter
2013-07,Lumbini,"37,081",20496,10562,6023,31.4,451,0,monsoon
2025-04,Lumbini,88415,51915,23360,13140,28.9,21,0,pre-monsoon
2023-12,Muktinath,3085,988,1370,727,-1.7,4,0,winter
2014-01,Lumbini,106908,62895,28427,15586,13.8,12,0,winter
2011-03,Pashupatinath,69578,51413,13099,5066,17.2,33,0,pre-monsoon
02-2012,Janakpur Dham,9535,6253,2809,473,18.8,8,0,winter
2019-04,Lumbini,144876,87951,39705,17220,29.0,29,0,pre-monsoon
2024-09,Muktinath,9403,3255,4261,1887,12.1,39,0,post-monsoon
2021-07,Lumbini,10731,6014,2898,1819,29.7,326,0,monsoon
2024-12,Muktinath,4712,1560,2088,1064,-1.9,4,0,winter
2013-12,Pashupatinath,56645,42281,11224,3140,12.4,5,0,winter
2016-12,Janakpur Dham,33693,22537,9808,1348,15.8,3,0,winter
2015-10,Pashupatinath,61895,45153,10306,6436,18.2,58,0,post-monsoon
2023-04,Pashupatinath Temple,71619,53649,13862,4108,19.1,64,0,pre-monsoon
2010-01,Muktinath,1118,359,481,278,-3.0,7,0,winter
2016-06,Janakpur Dham,11154,7020,3111,1023,32.6,182,0,monsoon
2010-10,Muktinath,4402,1517,1954,931,8.2,12,0,post-monsoon
2012-04,Muktinath,5940,2206,2769,965,6.8,30,0,pre-monsoon
2018-07,Lumbini,53034,30378,14104,8552,30.2,385,0,monsoon
2019-04,Janakpur Dham,34063,21549,9168,3346,28.9,18,1,pre-monsoon
2012-07,Pashupatinath,22749,17042,3860,1847,24.5,409,0,monsoon
2014-10,Lumbini,124483,74889,35003,14591,24.1,40,0,post-monsoon
2022-04,Janakpur Dham,19153,12891,5545,717,28.3,18,0,pre-monsoon
2020-11,Janakpur Dham,5870,3937,1713,220,19.5,5,1,post-monsoon
2023-11,Pashupatinath,101206,72349,16538,12319,16.3,8,0,post-monsoon
2022-05,Pashupatinath,44227,30886,8481,4860,22.9,111,0,pre-monsoon
2019-02,Muktinath,4158,1420,1921,817,-2.7,11,0,winter
2019-08,Pashupatinath,49349,34275,8150,6924,22.7,293,0,monsoon
2017-08,Janakpur Dham,10584,6921,2884,779,30.5,286,0,monsoon
2011-05,Lumbini,60887,36679,17618,6590,31.3,77,1,pre-monsoon
2024-02,Pashupatinath,132008,97228,23514,11266,12.6,20,0,winter
2024-06,Janakpur Dham,15517,10257,4364,896,30.6,198,0,monsoon
2014-10,Janakpur Dham,"14,168",9257,3919,992,25.8,46,0,post-monsoon
2012-02,Muktinath,2078,736,946,396,-1.1,12,0,winter
2014-05,Lumbini,89388,49867,22463,17058,31.8,84,1,pre-monsoon
2023-04,Lumbini,80752,44758,20227,15767,29.4,27,0,pre-monsoon
2018-03,Janakpur Dham,29834,19709,8202,1923,24.3,10,1,pre-monsoon
2019-11,Janakpur Dham,37887,23817,10796,3274,19.8,5,0,post-monsoon
2011-01,Lumbini,71009,40398,19284,11327,15.4,9,0,winter
2018-07,Pashupatinath,35358,25657,6195,3506,25.4,421,0,monsoon
2018-07,Muktinath,2320,862,1052,406,14.6,50,0,monsoon
2021-04,Lumbini,27077,16175,7099,3803,26.7,24,0,pre-monsoon
2010-05,Lumbini,56514,34304,15136,7074,29.6,,1,pre-monsoon
2015-06,Muktinath,879,299,406,174,14.2,40,0,monsoon
2016-05,Muktinath,7979,2610,3718,1651,9.7,30,0,pre-monsoon
2022-08,Muktinath,1864,657,873,334,13.2,47,1,monsoon
2013-04,Pashupatinath,65527,47737,10704,7086,19.2,64,0,pre-monsoon
2020-01,Pashupatinath,11234,8290,2079,865,9.5,17,0,  winter  
2025-11,Pashupatinath,142189,100645,25971,15573,14.7,9,0,post-monsoon
2024-08,Pashupatinath,48509,35961,9372,3176,23.5,363,0,monsoon
2018-12,Lumbini,166960,94946,45816,26198,16.1,3,0,winter
2019-01,Pashupatinath,89714,64702,17412,7600,11.0,15,0,winter
2014-06,Pashupatinath,35337,26100,6879,2358,25.0,251,0,monsoon
2011-05,Muktinath,3974,1380,1785,809,10.0,35,0,pre-monsoon
2013-12,Muktinath,2372,800,1106,466,-2.2,6,0,winter
2014-03,Pashupatinath,109543,81737,20576,7230,16.7,25,1,pre-monsoon
2022-05,Muktinath,6637,2435,3061,1141,10.9,29,0,pre-monsoon
2023-06,Pashupatinath,37912,27985,6072,3855,23.3,240,0,monsoon
2011-04,Janakpur Dham,16848,10781,4418,1649,28.6,24,1,pre-monsoon
2015-04,Lumbini,64689,35780,17572,11337,28.6,29,0,pre-monsoon
2014-02,Lumbini,116331,70222,30152,15957,16.1,10,0,winter
2020-03,Janakpur Dham,5145,3250,1438,457,23.7,12,1,pre-monsoon
2018-01,Lumbini,165395,94977,43512,26906,15.0,11,0,winter
2024-10,Muktinath,13112,4473,6107,2532,8.3,17,0,post-monsoon
2010-08,Lumbini,34891,19272,9707,5912,30.8,305,0,monsoon
2023-03,Lumbini,117335,69323,29529,18483,21.3,16,0,pre-monsoon
2024-01,Muktinath,3808,1269,1686,853,-3.0,9,0,winter
2015-02,Lumbini,64076,37423,17786,8867,17.9,11,0,winter
2021-12,Pashupatinath,32877,23082,5475,4320,10.2,6,0,winter
2012-10,Muktinath,5237,1905,2291,1041,8.1,17,0,post-monsoon
2019-01,Muktinath,3475,1255,1594,626,-3.4,7,0,winter
2014-04,Muktinath,7950,2685,3513,1752,8.2,20,0,pre-monsoon
2012-06,Pashupatinath,25439,17978,4994,2467,23.0,214,0,monsoon
2018-06,Lumbini,66930,40278,18122,8530,30.9,178,0,monsoon
2011-06,Janakpur Dham,7450,4664,2019,767,31.3,195,0,monsoon
2023-05,Janakpur Dham,16596,10632,4801,1163,32.0,82,0,pre-monsoon
2014-07,Lumbini,38976,21905,10510,6561,28.7,392,0,monsoon
2015-08,Janakpur,4036,2714,1112,210,30.1,380,0,monsoon
2024-05,Lumbini,102643,56719,26337,19587,29.4,87,1,pre-monsoon
2022-10,Pashupatinath,90042,65592,16906,7544,19.6,50,0,post-monsoon
2020-08,MUKTINATH,254,82,112,60,13.8,57,1,monsoon
2017-12,Muktinath,3778,1335,1677,766,-2.8,4,0,  winter  
2010-09,Pashupatinath,33732,23344,6624,3764,21.8,266,0,post-monsoon
2022-01,Muktinath,1873,709,814,350,-5.4,9,0,winter
2017-11,Pashupatinath,129807,93640,24037,12130,15.4,8,0,post-monsoon
2022-10,Muktinath,7121,2341,3293,1487,7.4,14,0,post-monsoon
2012-06,Muktinath,1779,616,808,355,12.8,46,0,monsoon
2017-09,Pashupatinath,54463,40727,8740,4996,23.9,204,0,post-monsoon
2014-06,Muktinath,2243,728,985,530,14.9,33,0,monsoon
2014-05,Muktinath,6920,2568,3160,1192,11.3,35,0,pre-monsoon
2018-12,Muktinath,3835,1344,1745,746,-1.7,4,0,winter
2022-10,Janakpur Dham,12184,7898,3490,796,26.8,50,0,post-monsoon
2021-08,Lumbini,12211,6765,3065,2381,28.4,415,0,monsoon
2015-08,Lumbini,31891,17959,9217,4715,29.0,305,0,monsoon
2020-04,Lumbini,14002,8148,3682,2172,27.5,27,0,pre-monsoon
2019-09,Lumbini,88737,48931,24462,15344,28.8,224,0,post-monsoon
2012-11,Muktinath,4705,1706,2082,917,1.4,6,0,post-monsoon
2021-04,Janakpur Dham,11364,7363,3300,701,28.0,20,1,pre-monsoon
01/09/2012,Janakpur Dham,"9,068",5969,2445,654,29.6,167,0,post-monsoon
2016-10,Muktinath,9414,3496,4393,1525,6.8,14,0,post-monsoon
2023-09,Janakpur Dham,11867,7781,3436,650,27.6,213,0,post-monsoon
2022-08,Lumbini,45206,26186,11499,7521,29.6,344,0,monsoon
2018-02,Lumbini,175817,105115,47017,23685,18.0,10,0,winter
2014-12,Lumbini,124697,72770,31222,20705,15.0,3,0,winter
2021-11,Pashupatinath,38510,28284,7046,3180,15.8,7,0,post-monsoon
2010-11,Pashupatinath,72003,53740,14097,4166,15.1,9,0,post-monsoon
2015-04,Pashupatinath,46118,33648,7895,4575,21.6,60,0,pre-monsoon
2010-02,Janakpur Dham,9547,6393,2748,406,18.1,10,0,winter
2011-07,Lumbini,27356,15532,7094,4730,28.6,307,0,monsoon
2021-06,Pashupatinath,15650,10943,2805,1902,23.9,205,0,monsoon
2016-11,Pashupatinath,100093,73103,19027,7963,15.7,9,0,post-monsoon
2016-04,Lumbini,125461,74522,32025,18914,28.6,29,0,pre-monsoon
2017-02,Lumbini,173182,95658,44141,33383,16.9,14,0,winter
2015-12,Janakpur Dham,20767,13758,5406,1603,14.2,,1,winter
2015-07,Muktinath,553,207,246,100,13.8,58,0,monsoon
2015-12,Pashupatinath,45367,32550,8248,4569,12.5,5,0,winter
2018-04,Janakpur Dham,,,,,29.4,18,0,pre-monsoon
2017-04,Pashupatinath,80746,59652,15978,5116,21.7,61,0,pre-monsoon
2011-11,Janakpur Dham,15784,9857,4704,1223,19.9,4,0,post-monsoon
2012-12,Muktinath,1922,656,864,402,-2.0,5,0,winter
2021-09,Muktinath,1375,508,592,275,11.6,33,0,post-monsoon
2022-08,Janakpur Dham,6986,4720,1833,433,28.8,277,0,monsoon
2023-12,Lumbini,100855,57722,26956,16177,15.3,3,0,winter
2022-09,Pashupatinath,44917,33141,7456,4320,21.7,272,0,post-monsoon
2014-06,Janakpur Dham,9671,6421,2713,537,31.0,167,0,monsoon
2010-10,Lumbini,83383,50718,23995,8670,25.4,46,0,post-monsoon
2020-05,Janakpur Dham,2764,1788,802,174,30.4,61,0,pre-monsoon
2011-03,Lumbini,102015,56238,29073,16704,22.6,18,0,pre-monsoon
2015-09,Janakpur Dham,5650,3722,1485,443,28.6,224,0,post-monsoon
2012-11,Lumbini,138965,82101,38179,18685,20.8,4,1,post-monsoon
2020-10,Janakpur Dham,3298,2073,906,319,26.9,43,0,post-monsoon
2021-10,Janakpur Dham,6836,4284,1943,609,25.3,39,0,post-monsoon
2013-03,Muktinath,5394,1840,2500,1054,2.9,24,0,pre-monsoon
2012-06,Lumbini,36522,20982,9674,5866,30.3,240,0,monsoon
2024-02,Muktinath,4163,1439,1794,930,-2.1,13,0,winter
2023-04,Janakpur Dham,26142,16888,6968,2286,27.8,20,1,pre-monsoon
December 2017,Janakpur Dham,44526,28217,12639,3670,16.3,4,1,winter
2015-07,Lumbini,24725,13719,6240,4766,29.2,328,0,monsoon
2024-04,Pashupatinath,89304,63070,16589,9645,,45,0,pre-monsoon
2013-05,Janakpur Dham,10496,6951,2908,637,31.3,74,0,pre-monsoon
2021-01,Janakpur Dham,4440,2984,1295,161,14.4,13,0,winter
2025-08,Pashupatinath,50156,35135,9859,5162,23.6,324,0,monsoon
2010-01,Lumbini,70952,39242,19146,12564,14.8,9,0,winter
2011-09,Pashupatinath,35200,25362,6909,2929,21.7,241,0,post-monsoon
2011-12,Muktinath,1698,554,774,370,-2.0,5,0,winter
2013-04,Janakpur Dham,20113,13274,5862,977,28.9,21,1,pre-monsoon
2014-06,Lumbini,53075,30724,13517,8834,29.9,236,0,monsoon
2023-11,Lumbini,152614,89948,38935,23731,19.5,6,1,post-monsoon
2014-04,Pashupatinath,67605,50663,11195,5747,20.3,63,0,pre-monsoon
2023-02,Muktinath,3520,1177,1584,759,-1.5,10,0,  winter  
2020-07,Muktinath,214,69,99,46,13.5,49,0,monsoon
2023-07,Janakpur Dham,9066,5626,2656,784,31.4,295,0,monsoon
2011-04,Muktinath,5906,2146,2555,1205,8.1,25,0,pre-monsoon
2023-05,Muktinath,9836,3726,4541,1569,12.1,27,0,pre-monsoon
2014-04,Lumbini,91619,55165,25750,10704,28.8,28,0,pre-monsoon
2011-03,Janakpur Dham,13602,8763,3573,1266,23.9,11,0,pre-monsoon
2018-03,Muktinath,9085,2928,4079,2078,3.1,18,0,pre-monsoon
2018-04,Pashupatinath,100769,70513,19794,10462,21.2,65,0,pre-monsoon
2020-07,Lumbini,5451,3029,1460,962,30.8,357,0,monsoon
2024-07,Lumbini,42673,24981,11535,6157,29.4,390,0,monsoon
2011-10,Pashupatinath,72617,51102,11842,9673,18.9,48,0,post-monsoon
2021-01,Lumbini,27061,15609,7415,4037,14.5,12,0,winter
2025-08,Muktinath,3542,1202,1624,716,15.5,44,1,monsoon
2024-01,Lumbini,128528,72546,32756,23226,13.6,12,0,winter
2012-12,Janakpur Dham,23284,15376,6129,1779,16.4,3,0,winter
2022-03,Lumbini,100937,59293,27362,14282,22.3,13,0,pre-monsoon
2025-10,Lumbini,123300,73257,35748,14295,26.8,42,0,post-monsoon
2025-08,Janakpur Dham,11618,7392,3023,1203,31.4,380,0,monsoon
2013-09,Muktinath,4547,1607,1975,965,11.8,34,0,post-monsoon
2021-06,Lumbini,11500,6919,3299,1282,31.0,229,0,monsoon
2025-11,Janakpur Dham,34728,22788,9945,1995,21.1,4,0,post-monsoon
2017-12,Lumbini,153254,92296,43109,17849,15.7,3,0,winter
2011-01,Muktinath,1409,467,637,305,-4.1,10,0,winter
2023-10,Pashupatinath,105889,73146,19752,12991,18.5,65,0,post-monsoon
2024-01,Janakpur Dham,15320,10062,4138,1120,14.2,11,0,winter
2023-05,Lumbini,,,,,31.0,70,1,pre-monsoon
2019-03,Lumbini,202783,117413,57233,28137,22.7,12,0,pre-monsoon
2023-03,Muktinath,7934,2923,3557,1454,3.1,19,0,pre-monsoon
2013-05,Lumbini,80895,44989,23256,12650,31.1,66,1,pre-monsoon
2013-07,Janakpur Dham,6180,3943,1731,506,29.2,349,0,monsoon
2011-07,Pashupatinath,22370,16188,4269,1913,24.0,373,0,monsoon
2023-11,Muktinath,8723,2876,3948,1899,2.3,5,0,post-monsoon
2015-09,Muktinath,2171,711,957,503,11.7,34,0,post-monsoon
2015-10,Muktinath,2850,1067,1306,477,7.3,14,0,post-monsoon
2023-07,Lumbini,31858,17678,9197,4983,29.4,421,0,monsoon
2013-11,Janakpur Dham,19886,12698,5369,1819,20.5,,0,post-monsoon
2019-02,Janakpur Dham,20010,13423,5252,1335,17.0,8,0,winter
2014-01,Pashupatinath,46511,34683,8238,3590,12.2,18,0,winter
2017-10,Pashupatinath,118503,85519,23667,9317,18.2,56,0,post-monsoon
July 2012,Janakpur Dham,6205,3881,1799,525,31.7,341,0,monsoon
2025-05,Janakpur Dham,22528,14165,6607,1756,31.6,80,0,pre-monsoon
2014-05,Pashupatinath,48713,35649,9162,3902,22.1,101,0,pre-monsoon
2013-05,Muktinath,5092,1682,2363,1047,10.2,34,0,pre-monsoon
2015-06,Pashupatinath,23286,16087,3833,3366,22.4,204,0,monsoon
2018-10,Janakpur Dham,19564,12190,5111,2263,25.8,38,0,post-monsoon
2015-02,Janakpur Dham,7891,4989,2211,691,17.3,8,0,winter
2017-07,Pashupatinath,29783,20762,4905,4116,24.4,406,0,monsoon
2017-01,Janakpur Dham,12503,8276,3434,793,13.8,10,0,winter
2019-06,Muktinath,4731,1688,2051,992,14.0,33,0,monsoon
2020-08,Lumbini,7024,4198,2016,810,28.7,336,0,monsoon
2016-01,Muktinath,2114,725,947,442,-4.4,7,0,winter
2010-03,Muktinath,3807,1410,1665,732,3.9,20,0,pre-monsoon
2013-08,Muktinath,1750,642,799,309,13.8,58,1,monsoon
2019-12,Muktinath,4344,1448,1979,917,-1.6,5,0,winter
2022-12,Pashupatinath,65189,48685,10830,5674,11.5,5,0,winter
2022-03,Muktinath,5958,2091,2644,1223,2.6,16,0,pre-monsoon
2015-08,Muktinath,625,219,290,116,14.5,54,1,monsoon
2017-12,Pashupati Nath,85884,62270,16837,6777,9.8,5,0,winter
2010-01,Janakpur Dham,8037,5032,2254,751,14.0,11,0,winter
2024-06,Pashupatinath,43080,31461,6926,4693,22.6,280,0,monsoon
2014-10,Pashupatinath,75889,52533,14639,8717,,47,0,post-monsoon
2016-08,Muktinath,2239,830,1024,385,14.3,53,1,monsoon
2019-04,Muktinath,13291,4264,6107,2920,8.5,27,0,pre-monsoon
June 2017,Janakpur Dham,12600,8421,3708,471,33.5,179,0,monsoon
2018-11,Muktinath,9184,3405,4277,1502,0.2,6,0,post-monsoon
2016-12,Muktinath,2824,931,1262,631,-4.1,6,0,winter
2016-07,Janakpur Dham,8365,5343,2255,767,29.6,339,0,monsoon
2016-08,Lumbini,63098,35935,17726,9437,28.4,416,0,monsoon
2020-06,Janakpur Dham,2396,1510,677,209,32.2,199,0,monsoon
2019-02,Lumbini,169485,100427,43095,25963,17.2,11,0,winter
2018-01,Janakpur Dham,15167,9883,4071,1213,15.5,14,0,winter
2011-01,Janakpur Dham,8997,5584,2581,832,12.7,12,0,winter
2019-09,Janakpur Dham,16990,11415,4522,1053,27.7,199,0,post-monsoon
2014-02,Muktinath,2299,856,998,445,-1.4,12,0,winter
2015-09,Lumbini,43840,25844,11833,6163,28.7,239,0,post-monsoon
2023-10,Lumbini,115735,65687,33470,16578,25.8,41,0,post-monsoon
2018-08,Janakpur Dham,12506,8155,3495,856,29.7,276,0,post monsoon
2020-03,Pashupatinath,25631,18255,4597,2779,16.9,28,1,WINTER
2022-11,Muktinath,5825,1954,2585,1286,2.8,5,0,post-monsoon
2024-05,Janakpur Dham,18219,11797,4957,1465,32.8,59,0,pre-monsoon
2014-03,Lumbini,133518,76387,37995,19136,22.4,18,0,pre-monsoon
2017-05,Lumbini,108678,62960,30068,15650,29.4,65,1,pre-monsoon
2023-08,Janakpur Dham,9633,6240,2550,843,31.4,283,0,monsoon
2016-03,Janakpur Dham,25551,16056,7329,2166,23.4,13,1,pre-monsoon
2022-09,Muktinath,4353,1444,1896,1013,12.4,39,0,post-monsoon
2015-04,Janakpur Dham,13281,8242,3837,1202,29.1,23,1,pre-monsoon
2019-08,Muktinath,3504,1136,1640,728,14.6,46,1,monsoon
2014-01,Janakpur Dham,11885,7601,3258,1026,14.0,-8,0,winter
2011-11,Pashupatinath,81283,60026,15064,6193,15.9,9,0,post-monsoon
01/03/2025,Pashupatinath,136701,98766,25336,12599,15.8,26,0,pre-monsoon
2020-09,Muktinath,649,238,302,109,11.8,41,0,post-monsoon
2011-10,Janakpur Dham,9954,6343,2849,762,27.4,47,0,post-monsoon
2013-10,Muktinath,7126,2514,3172,1440,8.4,13,0,post-monsoon
2017-01,Pashupatinath,72869,51813,12000,9056,9.7,17,0,winter
2010-04,Lumbini,66009,37382,18060,10567,27.6,21,0,pre-monsoon
2016-02,Pashupatinath,105504,73395,19763,12346,11.2,19,0,winter
2012-03,Lumbini,113395,63894,29363,20138,22.6,16,0,pre-monsoon
2014-08,Lumbini,46802,27980,12281,6541,29.4,282,0,monsoon
2024-09,Lumbini,73246,40326,19034,13886,29.2,263,0,post-monsoon
2015-01,Janakpur Dham,6059,3808,1743,508,13.1,11,0,winter
2012-09,Lumbini,"54,683",32300,14908,7475,27.8,253,0,post-monsoon
2024-12,Janakpur Dham,37812,24340,10106,3366,14.0,3,0,winter
2015-12,Muktinath,866,290,374,202,-2.7,5,0,winter
2014-09,Janakpur Dham,9582,6165,2581,836,28.2,237,0,post-monsoon
2015-06,Lumbini,29613,17739,7939,3935,31.4,222,0,  monsoon  
2010-07,Muktinath,780,262,343,175,14.2,64,0,  monsoon  
2010-09,Lumbini,44863,27138,11276,6449,29.1,202,0,post-monsoon
2015-10,Janakpur Dham,7978,5423,2252,303,25.5,40,0,post-monsoon
2022-11,Pashupatinath,88694,62165,17414,9115,15.1,8,0,post-monsoon
2024-09,Pashupatinath,59908,42390,11733,5785,21.0,209,0,post-monsoon
2022-02,Pashupatinath,113261,81134,19829,12298,12.4,,0,winter
2024-04,Janakpur Dham,30407,19255,8369,2783,29.9,23,0,pre-monsoon
2025-09,Janakpur Dham,17828,11832,4881,1115,29.5,224,0,post-monsoon
2013-01,Janakpur Dham,10490,7021,3118,351,14.1,11,0,winter
2016-01,Pashupatinath,66251,49312,11119,5820,9.5,13,0,winter
